{
    "f1_score": 0.5744047619047619,
    "roc_auc": 0.8330246195975097,
    "precision": 0.6476510067114094,
    "recall": 0.516042780748663,
    "threshold": 0.5,
    "cv_f1_mean": 0.5744840628877067,
    "cv_f1_std": 0.02272653234532163,
    "cv_roc_auc_mean": 0.8363381597382119,
    "cv_roc_auc_std": 0.00932202579610611,
    "accuracy": 0.7970191625266146,
    "auprc": 0.7907895496301999
}