{
    "roc_auc": 0.47939175670268114,
    "accuracy": 0.47,
    "precision": 0.4709166666666667,
    "recall": 0.47,
    "f1_score": 0.46471015223308804,
    "report": {
        "0": {
            "precision": 0.4666666666666667,
            "recall": 0.5714285714285714,
            "f1-score": 0.5137614678899083,
            "support": 49.0
        },
        "1": {
            "precision": 0.475,
            "recall": 0.37254901960784315,
            "f1-score": 0.4175824175824176,
            "support": 51.0
        },
        "accuracy": 0.47,
        "macro avg": {
            "precision": 0.4708333333333333,
            "recall": 0.47198879551820727,
            "f1-score": 0.46567194273616297,
            "support": 100.0
        },
        "weighted avg": {
            "precision": 0.4709166666666667,
            "recall": 0.47,
            "f1-score": 0.46471015223308804,
            "support": 100.0
        }
    }
}